,Min,Max,Avg
0,2.78,12.22,7.5
1,1.67,12.78,7.225
2,0.56,2.78,1.67
3,-2.78,3.89,0.5550000000000002
4,-3.89,3.33,-0.28
5,6.11,9.44,7.775
6,1.11,13.89,7.5
7,0.56,10.56,5.5600000000000005
8,3.89,16.11,10.0
